﻿<?xml version="1.0" encoding="utf-8" ?>
<selector xmlns:android="http://schemas.android.com/apk/res/android">
  <item android:state_pressed="true" >
    <shape>
      <solid
          android:color="#fce4ec" />
      <stroke
          android:width="2dp"
          android:color="#e91e63" />
      <corners
          android:radius="10dp" />
      <padding
          android:left="20dp"
          android:top="20dp"
          android:right="20dp"
          android:bottom="20dp" />
    </shape>
  </item>
  <item>
    <shape>
      <solid
          android:color="#ffffff" />
      <stroke
          android:width="2dp"
          android:color="#e91e63" />
      <corners
          android:radius="10dp" />
      <padding
          android:left="20dp"
          android:top="20dp"
          android:right="20dp"
          android:bottom="20dp" />
    </shape>
  </item>
</selector>